name,img,desc
https://finolex.com/wp-content/uploads/2020/09/eco-effective-cable.png
""
https://finolex.com/wp-content/uploads/2020/09/duct-cable.png
 
https://finolex.com/wp-content/uploads/2020/09/direct-burial-cable.png
 
",Eco Effective Cables,,Central Loose tube with thixotropic jelly compound. Along with Steel Music Wires for high Strength. Excellent crush resistant performance, light weight, compact structure.,,,Application: Suitable for Indoor / Outdoor Local Area network System & CATV application.,, Unitube Steel Wire Optical Fibre Cables, Eco Effective Optical Fibre Cables With FRP,"
",Duct Cable,, Central Loose tube with thixotropic jelly compound. Excellent crush resistant performance, light weight, Compact structure.,,,Application: Suitable for Indoor / Outdoor Local Area network System & CATV application,, Uni-Tube Unarmoured Optical Fibre Cables, Multitube Single Sheath Unarmoured Wet Core Optical Fibre Cables, Multitube Single Sheath Unarmoured  Dry Core Optical Fibre Cables,"
",Direct Burial Cable,,Central Loose Tube with jelly compound. High quality Electro Chromium Coated Corrugated Steel tape (ECCS). Armoured design with Music Quality Steel wire. HDFP / LSZH sheath. Excellent Crush resistant performance, light weight, compact structure.,,Application: Suitable for outdoor network system. ,, Unitube Armoured Fibre Optic Cables - I, Multitube Single Sheath Armoured Wet Core Optical Fibre Cables, Multitube Double  Sheath Armoured Wet Core Optical Fibre Cables,"
 
 
 
https://finolex.com/wp-content/uploads/2020/09/aerial-cable.png
""
https://finolex.com/wp-content/uploads/2020/09/premises-cable.png
""
https://finolex.com/wp-content/uploads/2020/09/speciality-cable.png
""
",Aerial Cable,,All dielectric(ADSS) & Fig 8 cable. Central FRP strength member. Loose tube construction.,All dielectric loose tube construction cable with Central FRP strength member.,,,Application: Aerial application cable, used overhead. ADSS cables in Unitube and Multi tube designs,, Tube Drop Cable, Unitube Aerial Optical Fibre Cables, Multi-Tube Aerial Optical Fibre Cables, Single Sheath Multitube FIG. 8 Fibre Optical Fibre Cables, Single Sheath Unitube FIG. 8 Fibre Optical Fibre Cables,"
",Premises Cables,1 or 2 fibres are placed in LSZH/ PVC sheath in between two ARP rods which can be taken out easily from the sheath. Optical Fibre used is insensitive to bending which is suitable in FTTH network for indoor application.,, FTTH Cables, Simplex & Duplex Cables, Spiral Armoured Flexible Optical Fibre Cables , Distribution Tight Buffer Optical Fibre Cables ,"
",Speciality Cables,,All dielectric cable with Multitube design in ribbon that accommodates 576 fibres,,, Single Sheath Unarmoured Ribbon Optical Fibre Cables, Single Sheath Armoured Ribbon Optical Fibre Cables,"
 
 
 
https://finolex.com/wp-content/uploads/2020/09/FinOptic.jpg
 
 
 
",Optic Fibre – FinOptic,FinOptic-LBLF(G657A1) is a Low Bend Loss Single mode fibre designed for transmission systems over the entire range from 1260 to 1625 nm range. FinOptic-LBLF (G657A1) has excellent bending performance and also result in lower attenuation in challenging applications & it is optimised for use in Fibre To The Home (FTTH) operations. FinOptic-LBLF meets or exceeds ITU Recommendations G657(Category A), IEC 60793-2-50(TypeB1.3),FinOptic-NZDSF fibre is designed to operate across a window of wavelengths near 1550nm with small amount of dispersion. FinOptic-NZDSF fibre is optimized for use in national long haul backbone networks. Due to its lower dispersion in the 1550nm window it is an ideal and cost effective solution for DWDM operations. FinOptic-NZDSF meets or exceeds ITU Recommendations G655.,, LBLF, NZDSF , LWPF, LWPF PREMIUM ,, "
""
""
